SELECT count(*), s.id, s.shopName
FROM tb_goods_item g
JOIN tb_seller s on g.shopId=s.id
GROUP BY s.id
ORDER BY count(*) desc;

count(*),id,shopName
28,59991203,迪卡侬旗舰店
24,67597230,天猫超市
22,61388483,周大福官方旗舰店
18,100317893,gsung旗舰店
17,112981898,镜拓光学器械旗舰店
15,57301323,龟派车品专营店
12,107729133,意品宠物用品专营店
11,102604099,百秀大药房旗舰店
11,116577452,朝阳林峰专卖店
9,68907729,康爱多大药房旗舰店
8,62572277,魔术8000旗舰店
8,107262009,佰轮汇汽车用品专营店
8,57299898,银时代饰品旗舰店
8,63055412,礼家旗舰店
8,105081171,途虎汽车配件旗舰店
8,104415685,巧厨食品专营店
7,120345955,自然动力旗舰店
7,135555621,海俪恩隐形眼镜旗舰店
7,66410920,奥尔夫旗舰店
7,60510996,爱慕官方旗舰店
7,114278165,百信大药房旗舰店
6,59707722,3M官方旗舰店
6,67512261,茁出乐器专营店
6,129900131,东风标致售后旗舰店
6,108227658,新奇丽旗舰店
6,116480419,奥普集成家居旗舰店
6,60371049,周生生官方旗舰店
5,71084247,上元堂大药房旗舰店
5,128573071,苏宁易购官方旗舰店
5,103885808,胜家旗舰店
5,57301625,林氏木业家具旗舰店
5,62366992,国大药房旗舰店
5,57302374,shes饰品旗舰店
5,67371489,健客大药房旗舰店
5,65988716,爱丽思居家日用旗舰店
5,107322778,康济大药房旗舰店
5,69493117,米莱旗舰店
4,123161594,三雄极光照明旗舰店
4,57299370,车品弘智旗舰店
4,105841940,ora2皓乐齿旗舰店
4,145271505,uvex旗舰店
4,60536798,暴龙官方旗舰店
4,105615044,soyoto索雅特旗舰店
4,101906821,天王旗舰店
4,57299763,飞利浦官方旗舰店
4,108148339,UNDER ARMOUR官方旗舰店
4,124304517,cetaphil丝塔芙旗舰店
4,106213598,医流巴巴大药房旗舰店
4,71539955,优梵艺术旗舰店
4,57300983,艾顿乐器专营店
4,57302992,黄古林旗舰店
4,58422074,红蜻蜓品牌旗舰店
4,66700270,华元宠物用品专营店
4,57302567,aisleep官方旗舰店
4,105217346,中国黄金官方旗舰店
4,70623347,膳魔师旗舰店
4,62763462,六福珠宝官方旗舰店
4,102699437,fjqxz旗舰店
4,66464884,九洲大药房旗舰店
4,69768275,瑞慈体检旗舰店
3,59336398,zippo天空专卖店
3,106448998,都市丽人官方旗舰店
3,73147002,舒展车品专营店
3,108940210,joyourbaby旗舰店
3,60628842,骆驼服饰旗舰店
3,72780167,baginbag家居旗舰店
3,72930080,名龙堂官方旗舰店
3,62485361,德家旗舰店
3,103688358,IPASON攀升官方旗舰店
3,116251156,爱乐宠物用品专营店
3,108489172,七匹狼都业专卖店
3,65693427,张小泉官方旗舰店
3,60203135,华歌尔官方旗舰店
3,71720200,三只松鼠旗舰店
3,58857378,hario研通专卖店
3,63079119,佰丝堂假发旗舰店
3,107289098,泰山乐器旗舰店
3,116212522,康复之家医疗器械旗舰店
3,72750330,hero家居旗舰店
3,67645171,索菲亚家居旗舰店
3,145248182,宝莱特医疗器械旗舰店
3,145312159,曼达尼旗舰店
3,64854895,中宝旗舰店
3,108531715,激升乐器专营店
3,61678650,九阳官方旗舰店
3,62342947,金士顿浩天专卖店
3,66832447,宜然家居旗舰店
3,67342984,永达汽车专营店
3,129473139,宝洁海外旗舰店
3,69007650,双虎家居旗舰店
3,69705195,轩庆食品旗舰店
3,107022071,晨越乐器专营店
3,101363572,京天华盛官方旗舰店
3,66861409,家装e站旗舰店
3,70399353,雅兰官方旗舰店
3,73229391,乐扣乐扣峻佳专卖店
3,64641238,雷朋官方旗舰店
3,68982189,壹号大药房旗舰店
3,104675758,midohouse家居旗舰店
3,104896304,公牛亮牛专卖店
3,109718704,无印良品MUJI官方旗舰店
3,68523913,优加旗舰店
3,66427367,xonix精准专卖店
3,71229032,Alexandre De Paris旗舰店
3,107545260,路施南旗舰店
3,57616696,美的官方旗舰店
3,62624991,十月妈咪旗舰店
3,113261980,卓唯手表专营店
3,102352212,美的空调旗舰店
3,104685003,亿力电器旗舰店
3,109035793,flyco飞科恒隽专卖店
3,102044461,dehub旗舰店
3,66719376,伊泰莲娜官方旗舰店
3,108142586,rocos手表旗舰店
3,145399770,艾斯维娜旗舰店
3,57687871,石头记饰品旗舰店
2,65728825,银千惠旗舰店
2,66417228,薇诺娜化妆品旗舰店
2,105914476,凯乔家居旗舰店
2,71644724,德芙官方旗舰店
2,116106407,万顺昌食品旗舰店
2,107287744,张小泉思优普专卖店
2,62200833,飞利浦京创专卖店
2,101903554,oyj家具旗舰店
2,117736520,创果旗舰店
2,111538130,佳果数码专营店
2,66699715,多妙屋母婴旗舰店
2,66874960,北北家居专营店
2,67154992,艾亚旗舰店
2,145015542,松下中崎专卖店
2,57299180,中礼鲜花速递旗舰店
2,57302190,t400旗舰店
2,100685509,润扬旗舰店
2,110571550,鹏熙汽车用品专营店
2,105168221,慈铭体检康元天成专卖店
2,105282859,ph7若水无华旗舰店
2,112498625,慕乐美运动专营店
2,67586208,九阳伊明专卖店
2,114695386,ammex爱马斯旗舰店
2,108266224,blueair官方旗舰店
2,145885026,结果儿旗舰店
2,148159183,燕塘旗舰店
2,58868939,动力体育用品专营店
2,106328334,justron佳士盾旗舰店
2,116576560,醉清风旗舰店
2,63240547,moco官方旗舰店
2,113246259,anbebe旗舰店
2,114631715,gub旗舰店
2,102107294,yuekang旗舰店
2,102299482,dingyao旗舰店
2,64652363,九牧官方旗舰店
2,127773074,府上养车汽车服务旗舰店
2,109028839,欧小仓旗舰店
2,108531703,吉禄家居专营店
2,108548267,邓家刀旗舰店
2,61374701,霸王官方旗舰店
2,61902511,全棉时代官方旗舰店
2,103210083,苏泊尔沃克尔专卖店
2,65842644,敦煌乐器旗舰店
2,105956632,蚕织坊旗舰店
2,112790207,吉百居家居旗舰店
2,60371242,锋悦运动专营店
2,72020428,兰之阁旗舰店
2,116215797,爱丽斯车品专营店
2,117823198,南林旗舰店
2,59246058,喜梦宝官方旗舰店
2,110729670,醉心怡旗舰店
2,105430909,墨立方旗舰店
2,105479338,zobo正雷源专卖店
2,112436530,蝶泉乐器旗舰店
2,108040127,华氏蚕人旗舰店
2,68180011,爱美手册旗舰店
2,68459771,牧之逸旗舰店
2,148003428,悦凰汽车用品专营店
2,57978607,奇美乐器旗舰店
2,58681515,jessiejane旗舰店
2,116367295,烈火烟具专营店
2,112977990,天使魔纺旗舰店
2,102219663,可意家纺旗舰店
2,110452675,魔方家居旗舰店
2,104736810,小米官方旗舰店
2,69701990,闪魔旗舰店
2,70008262,优芬家居旗舰店
2,108521277,美购海外专营店
2,108536392,star世达旗舰店
2,60697440,穗宝官方旗舰店
2,61163418,金号官方旗舰店
2,112680942,dianbin点缤专卖店
2,106137150,八九间旗舰店
2,106311400,卓昶鞋类专营店
2,71107982,世纪音缘乐器专营店
2,60466542,match旗舰店
2,115862174,Lancome兰蔻官方旗舰店
2,115932209,bofancar旗舰店
2,107148715,吾酷宠物用品专营店
2,107285782,航民首饰旗舰店
2,107389227,playboy度涵专卖店
2,72356736,盆景办公专营店
2,72835484,索浪旗舰店
2,63326917,宁美国度官方旗舰店
2,103708599,后海旗舰店
2,66674010,kingston金士顿旗舰店
2,66959725,爱如花旗舰店
2,144964120,欧百瑞医疗器械旗舰店
2,112154750,shiloh旗舰店
2,59819749,ots旗舰店
2,105432648,wlgd沃立谷德旗舰店
2,112493550,曼迪卡威旗舰店
2,108055309,whizz伟强旗舰店
2,67759913,supfire神火专卖店
2,67955846,丰永宠物用品专营店
2,114897536,vrose旗舰店
2,108465556,世达欣世达专卖店
2,57895461,宝洁官方旗舰店
2,70745452,珀依兰内衣旗舰店
2,58074210,喜万年灯具专营店
2,70990335,和雅乐器专营店
2,58499649,能良数码官方旗舰店
2,116564010,海浪电器旗舰店
2,62656677,天纵旗舰店
2,100025331,olidik奥利帝克旗舰店
2,113756568,东易日盛旗舰店
2,102244585,欧瑞车品专营店
2,64466528,郑走鬼旗舰店
2,110206558,仁诺家居专营店
2,110296230,佳帮手居家日用专营店
2,69565932,爱康国宾官方旗舰店
2,61041851,曼秀雷敦旗舰店
2,68919846,智庭鞋类专营店
2,65394652,嘉丝丽旗舰店
2,103503469,良朴旗舰店
2,66029529,小硕士旗舰店
2,66427186,老美华旗舰店
2,106205777,猫趣食品专营店
2,71511410,上海大药房旗舰店
2,71774354,永鹏运动户外专营店
2,60505560,京雁汽车用品专营店
2,107095469,药健康大药房旗舰店
2,115980187,坚义居家日用专营店
2,107417086,康品家居专营店
2,107522477,纳尼尼眼镜旗舰店
2,62026070,朵典旗舰店
2,62280965,知音乐器专营店
2,62583291,华安汽车用品专营店
2,105789374,雯尚生活旗舰店
2,63366214,爱宝乐母婴旗舰店
2,101691052,欧时纳箱包旗舰店
2,63716160,唐丰旗舰店
2,131191598,东风悦达起亚官方旗舰店
2,135605694,凯迪泰医疗器械旗舰店
2,143684816,康伴医疗器械专营店
2,145121364,有家装饰旗舰店
2,112283642,LUSH岚舒海外旗舰店
2,57303574,枕水人家旗舰店
2,110658914,宜馨居家日用专营店
2,110843077,美的家居旗舰店
2,105472216,炭之轩旗舰店
2,107951361,亨博心曲专卖店
2,108024652,喜钻深圳专卖店
2,57616078,恩博车品专营店
2,58613162,三际数码官方旗舰店
2,113089127,澳克雷鲁雷专卖店
2,130320461,浙江亿力专卖店
2,104346090,贝诺家居专营店
2,60628847,inbike旗舰店
2,68718673,孜琪烟具专营店
2,103221340,鱼饰旗舰店
2,65550032,凯丰旗舰店
2,112633682,青田食品专营店
2,60377933,泰美汽车用品专营店
2,115838564,vcan车品旗舰店
2,72522491,慕艺柏家具旗舰店
2,63425224,贝易母婴专营店
2,63552270,良品铺子旗舰店
2,111415532,momscook旗舰店
2,143177957,mellkit美尔凯特旗舰店
2,57301344,棉花共和国网赢专卖
2,107970392,优圣美帝旗舰店
2,112493440,节节升旗舰店
2,112521557,3m驿鼎专卖店
2,67516977,村哥牛皮旗舰店
2,67609237,顶乐家居旗舰店
2,145707107,木九十官方旗舰店
2,70324298,华佗大药房旗舰店
2,70723191,金士顿荣鑫达专卖店
2,58692369,浪莎官方旗舰店
2,106378606,迪芬家居旗舰店
2,116517888,顽皮时代家居旗舰店
2,73402183,治木工坊旗舰店
2,113817396,卡里努努旗舰店
2,114672249,艾迪恩旗舰店
2,128250451,也雅旗舰店
2,109002119,都市大药房旗舰店
2,109701259,意龙居家日用专营店
2,68506192,嘉定大药房旗舰店
2,60714346,异新汽车用品专营店
2,103175265,贝圣美家居旗舰店
2,103519345,四大满贯运动专营店
2,105976338,妞妞食品专营店
2,112830182,specialized旗舰店
2,60407396,蛟蓓旗舰店
2,107518237,英爵伦男装旗舰店
2,116690196,美菱冷柜旗舰店
2,105517106,playboy内衣旗舰店
2,105731769,ito旗舰店
2,101529349,源氏木语家居旗舰店
2,63644798,palmpolo旗舰店
2,118067634,ekf五金旗舰店
2,120247289,丝涟旗舰店
2,66959765,泰福高官方旗舰店
2,67154264,清和乐器专营店
2,135548251,manhattanportage旗舰店
2,112008669,壹捷汽车服务旗舰店
2,144967805,互邦官方旗舰店
2,57299704,珂兰钻石旗舰店
2,58987156,风水阁旗舰店
2,57301181,亿牧烟具专营店
2,57302123,迈克达威专卖店
2,100437446,玛娅蒂旗舰店
2,59846982,卡蒂诺旗舰店
2,110871147,邦手星旗舰店
2,112350991,上海第一医药大药房旗舰店
2,108023282,dmasun旗舰店
2,108263146,肯特家居旗舰店
2,145849886,casio卡西欧万客隆专卖店
2,57592468,昕凯乐器专营店
2,57934370,美标服饰宝航专卖
2,58110088,奥康鞋业旗舰店
2,58868910,mountainpeak旗舰店
2,116614798,三国杀旗舰店
2,73447310,乐扣乐扣乐倍专卖店
2,63082588,星星电器旗舰店
2,114595169,幸福村大药房旗舰店
2,113764133,泉源堂大药房旗舰店
2,64467037,普利滋家居专营店
2,126574944,龙动力旗舰店
2,110297382,雨露居家日用专营店
2,110398093,绳艺旗舰店
2,68692871,吉大夫大药房旗舰店
2,106095233,suobado索芭朵旗舰店
2,106212108,yodiman旗舰店
2,116215701,芳华康逢专卖店
2,62218131,酷漫居官方旗舰店
2,62290137,明珠牌旗舰店
2,62484667,泰尊家居专营店
2,116745811,cybex旗舰店
2,101415205,佳奥旗舰店
2,101695072,乐动运动户外专营店
2,63957619,骆驼户外官方旗舰店
2,111290086,帝国枫叶旗舰店
2,111738919,疯狂石头旗舰店
2,57299879,佐卡伊旗舰店
2,100185527,百露旗舰店
2,59239068,添香官方旗舰店
2,59391358,谭木匠官方旗舰店
2,105304709,molsion陌森正港专卖店
2,107880148,泉灵汽车用品专营店
2,68352339,岱岳家居旗舰店
2,115444401,浩成乐器旗舰店
2,58623713,富安娜官方旗舰店
2,58882654,聆悦乐器专营店
2,116494634,高爵旗舰店
2,116577574,北通中汉正光专卖店
2,73019285,德生堂大药房旗舰店
2,62842625,hyundaesheet旗舰店
2,62941831,欧莱雅官方旗舰店
2,102496592,护航者车品专营店
2,104588054,南方家居旗舰店
2,104821871,益丰大药房旗舰店
2,108976294,veet薇婷旗舰店
2,108532158,无印良品旗舰店
2,109750936,geled旗舰店
2,68814207,原始原素家居旗舰店
2,103106976,beau旗舰店
2,103223756,睿希尚亿食品专营店
2,65660115,仁品旗舰店
2,105879239,汇千乐器专营店
2,60450294,迪彩广州专卖店
2,60516374,neptune旗舰店
2,115928334,恒拓车品专营店
2,107145874,binger鼎尚专卖店
2,116061085,zippo代代专卖店
2,107510709,skyshop海外专营店
2,72830573,健之家电器专营店
2,105594461,汉鼎户外旗舰店
2,105798431,跨速运动专营店
2,63325028,全能旗舰
2,63608783,俞氏木艺旗舰店
2,63975713,fixsheet家居旗舰店
2,103874829,云开亚美大药房旗舰店
2,66835089,黎创家居专营店
2,67134208,梦神旗舰店
2,144792280,上海康伴医疗器械专营店
2,59139899,欣陆母婴专营店
2,59292344,蜜儿旗舰店
2,59983045,卓希运动专营店
2,111019162,justmode居家日用旗舰店
2,111068349,卡蒂罗旗舰店
2,68368039,evanhome旗舰店
2,67626535,晖皇旗舰店
2,114880720,arrail瑞尔旗舰店
2,115257411,鹦鹉螺母婴专营店
2,70539305,天堂伞官方旗舰店
2,58940488,罗莱家纺官方旗舰店
2,116272514,qq手表旗舰店
2,116476617,伯克维尼旗舰店
2,116593208,tiger虎牌宏时瑞达专卖店
2,106981914,依朵旗舰店
2,62778362,吉善缘旗舰店
2,63072220,沃雅家居旗舰店
2,114672601,七亚珠宝旗舰店
2,102221542,恩华大药房旗舰店
2,64466505,双立人飞鱼秀专卖店
2,64750001,松下电器旗舰店
2,110467346,酷爆汽车用品专营店
2,68966303,飞科官方旗舰店
2,69011572,婧麒旗舰店
2,68520999,adous旗舰店
2,61008215,正泰电工官方旗舰店
2,61179833,LOVO家纺官方旗舰店
1,103070082,codos科德士旗舰店
1,103176595,沃伦卡数码专营店
1,65365380,新功旗舰店
1,103342491,时刻美旗舰店
1,103501252,达文纳兰旗舰店
1,65988739,华帝旗舰店
1,103527320,桓达兴盛箱包专营店
1,66562823,智童母婴专营店
1,112614736,卡宾仕汽车用品专营店
1,112645229,楼上海外旗舰店
1,112748683,水月佳人旗舰店
1,105988027,广州知音乐器专营
1,112786859,尊尚时计手表专营店
1,106083403,蓝火运动户外专营店
1,112833864,美奈川启名专卖店
1,106197496,美吾发恋蝶专卖店
1,112962954,乾路车品专营店
1,106230260,畅影旗舰店
1,71195468,卡西欧康安新专卖店
1,71503299,乐好乐数码专营店
1,60116805,舒客官方旗舰店
1,60261953,世达运动专营店
1,71773870,亿田电器旗舰店
1,60351562,柏拉图旗舰店
1,72003253,茜施尔旗舰店
1,60407438,百代绳奇专卖店
1,72247632,medi旗舰店
1,60500391,kaila官方旗舰店
1,115869421,奥维丝丽内衣旗舰店
1,107094464,longsinger旗舰店
1,115979847,康巴丝钟情阁专卖店
1,107165825,wilson奥尼斯专卖店
1,116136015,新凯家居专营店
1,107413292,爱客车品专营店
1,116206248,beitefu旗舰店
1,107519875,博比龙旗舰店
1,107686400,四洲食品旗舰店
1,72380612,锐盾旗舰店
1,61963638,The Face Shop化妆品官方旗舰店
1,72561888,伯爵公馆旗舰店
1,72580595,浪莎雅优专卖店
1,62277033,浓情漫宇旗舰店
1,72741485,一米爱家具旗舰店
1,62363917,逸红颜旗舰店
1,72846036,coolchange运动旗舰店
1,62484218,garmin迪吉特专卖店
1,116702201,屹扬旗舰店
1,116769162,点通家居专营店
1,105526212,松本岛旗舰店
1,116852128,sandisk闪迪伯众专卖店
1,105605273,lalababy旗舰店
1,117126612,简单派旗舰店
1,105650896,龙飞宏鞋类专营店
1,117317796,小哈伦旗舰店
1,105771901,火火兔旗舰
1,105844347,雅尊家居旗舰店
1,101071557,老鲜生旗舰店
1,101380346,仙声乐器旗舰店
1,63362254,沃迅家居专营店
1,101685741,bayco拜格旗舰店
1,63459212,好梦连连家居旗舰店
1,63705703,dayjoy家居旗舰店
1,101981740,gabalnara假发旗舰店
1,63828095,爱尚佳家居专营店
1,64067238,金灶世诚专卖店
1,117528064,文启家居旗舰店
1,111143135,诗娅曼迪旗舰店
1,118145726,优美尚川跃专卖店
1,111289148,乐行天下旗舰店
1,118912385,talalay旗舰店
1,111335610,闪迪亚百专卖店
1,122343239,喜芝堂医疗器械旗舰店
1,111609848,好又美食品专营店
1,103597369,卓辰数码旗舰店
1,103714409,唐女旗舰店
1,103777878,wave旗舰店
1,66750362,夏茉旗舰店
1,103892217,Clinique倩碧官方旗舰店
1,103994104,酷斯沃旗舰店
1,66994516,怡游玩具专营店
1,104286023,为你开旗舰店
1,131138808,ford福特犁沃专卖店
1,111723054,雅蜜琪旗舰店
1,111860193,美缔家纺专营店
1,142268452,恒源祥瑞艳专卖店
1,112010201,德裕家居旗舰店
1,143630053,鲜鲜食果食品专营店
1,112117461,亨爵旗舰店
1,112164379,meitoku明德漫嘉专卖店
1,112271605,炊大皇赢聚汇专卖店
1,57299751,HarborHouse家居旗舰店
1,100092984,高哥杰诚专卖店
1,57300502,乐弘保健品专营店
1,100166131,新世家族内衣旗舰店
1,58996371,joyo旗舰店
1,57301185,馨生活家居旗舰店
1,100296923,啄木鸟金貂专卖店
1,59210244,四环运动专营店
1,100477740,淘科运动户外专营店
1,57303505,越景劳防用品专营店
1,59645569,欢畅旗舰店
1,100917046,卡贝锁具旗舰店
1,59874175,梦洁旗舰店
1,60003279,大视野户外专营店
1,110839379,bluetex旗舰店
1,105083438,慕艺家居旗舰店
1,110884686,恬梦莱旗舰店
1,110994337,嘉家家居旗舰店
1,111038368,仟盛檀旗舰店
1,105418140,都柏特旗舰店
1,105470970,佳邺达家居专营店
1,112315609,舒帝旗舰店
1,112360894,澳联弗思特宠物用品专营店
1,107839422,光兵车品专营店
1,112451033,永丽公主旗舰店
1,148481747,巧儿宜安全座椅旗舰店
1,107951026,主妇时代旗舰店
1,112480069,南海康记旗舰店
1,108023892,宠冠宠物用品专营店
1,108086643,踞浒发食品专营店
1,108145868,zoli运动旗舰店
1,67799569,江南银家旗舰店
1,67979732,健元堂旗舰店
1,67370538,晟季乐器专营店
1,68076923,思微数码专营店
1,67464350,朱尔旗舰店
1,68318446,十二街旗舰店
1,68410348,皓杨家居旗舰店
1,67642208,铭佐旗舰店
1,67726412,北极绒家纺旗舰店
1,114833510,花满忆旗舰店
1,108227321,米家设计旗舰店
1,114988876,安琪食品专营店
1,145235396,富光梦起航专卖店
1,115203015,健威人性家具旗舰店
1,145293461,都市牧场旗舰店
1,108323218,堂前燕旗舰店
1,115402491,名爵烟具旗舰店
1,145415878,金煌装潢旗舰店
1,108358802,惟创旗舰店
1,115705665,on旗舰店
1,145645780,长坤医疗器械旗舰店
1,108417430,维奇思家居专营店
1,70145240,沿途车品旗舰店
1,70275715,峰峰云花电器专营店
1,70417821,大视野眼镜专营店
1,57615316,香唯食品专营店
1,70572492,静韵旗舰店
1,57947577,鸿昌贴饰专营店
1,70810204,健将内衣旗舰店
1,58118600,申佳相框旗舰店
1,58522944,诺伊曼旗舰店
1,116283247,midea美的小毛驴专卖店
1,116390308,THEBEAST野兽派官方旗舰店
1,116481024,兰韵乐器专营店
1,106621368,谱乐诗乐器专营店
1,106823600,tmt运动户外旗舰店
1,116628165,罗泰老银匠旗舰店
1,106896045,晶品乐器专营店
1,107002705,你牛我裤旗舰店
1,62609889,豪8印象旗舰店
1,73233060,woll弗欧旗舰店
1,62687034,银意坊旗舰店
1,73308876,巴朗成都专卖店
1,62811971,匠心独韵旗舰店
1,73451116,迷朗旗舰店
1,62929777,戴玉堂旗舰店
1,100058965,海贝数码专营店
1,63084023,四福旗舰店
1,113904454,金之瑞车品专营店
1,114163973,胜马名途专卖店
1,113074939,clipper可利福旗舰店
1,114336558,威巍玩具专营店
1,114488277,卡耐尔车品旗舰店
1,113423639,KATE官方旗舰店
1,113479744,好加旗舰店
1,113770520,冠达玩具专营店
1,102181709,凡家家居专营店
1,64260456,ASUS华硕旗舰店
1,64481511,威佰士旗舰店
1,102436632,livheart旗舰店
1,64808831,顿巴纵队户外旗舰店
1,64997294,七匹狼威派专卖店
1,124198270,gorlde佳德旗舰店
1,109853035,麦番食品专营店
1,126582365,harson汽车服务旗舰店
1,109964191,祺润祥旗舰店
1,110224300,Estee Lauder雅诗兰黛官方旗舰店
1,110297501,botlav旗舰店
1,130242288,友邦集成吊顶旗舰店
1,110407427,龙凤床垫旗舰店
1,104331782,拓朴帝凯专卖店
1,104417738,宏艺珠宝旗舰店
1,68987957,派尼诺旗舰店
1,104573106,beladesign旗舰店
1,69147277,夜愿旗舰店
1,104679459,回力茂禄专卖店
1,69259601,奥义旗舰店
1,104815596,欧梵丽旗舰店
1,69589662,vinocave旗舰店
1,104951485,贝吉萨旗舰店
1,69859942,芬斯狄娜旗舰店
1,108716335,展艺旗舰店
1,108479047,蘑菇堡旗舰店
1,108507375,妙洁美而洁专卖店
1,109371546,牧马人吉普服饰专营店
1,109584445,兵行者户外旗舰店
1,108541569,可瑞儿mycarol母婴旗舰店
1,109726814,名至家居旗舰店
1,108715214,ocsee旗舰店
1,68476217,探露运动户外旗舰店
1,68524467,casio旗舰店
1,68702966,李想旗舰店
1,60853774,喜临门官方旗舰店
1,68797452,七乐康大药房旗舰店
1,61124809,鱼西美屋杂货铺旗舰
1,68904590,aboving旗舰店
1,68929344,东方佳人旗舰店
1,61660498,瑞宝旗舰店
1,103085031,艾派德数码专营店
1,65207368,穆秋服饰旗舰店
1,65466951,猫诚旗舰店
1,103378490,bellroad旗舰店
1,103518178,真谛旗舰店
1,66252734,必艾奇运动专营店
1,103549780,卡修手表专营店
1,66439956,喜得益旗舰店
1,66610351,福万祥旗舰店
1,112628606,东易京盛家居专营店
1,112664074,软程旗舰店
1,112767035,元素家居专营店
1,106005275,百思宜旗舰店
1,106099031,乔奥乔母婴专营店
1,112913084,希尔顿灯具旗舰店
1,106213080,欧兰薇雅旗舰店
1,106244852,第7铺旗舰店
1,71249424,靓伊生假发旗舰店
1,71536653,怡倩内衣旗舰店
1,60175418,姿美堂旗舰店
1,71714526,健民大药房旗舰店
1,60308202,陶瓷故事旗舰店
1,71844664,godiva歌帝梵旗舰店
1,60424078,柠檬树旗舰店
1,60515970,dxracer旗舰店
1,115768658,康全大药房旗舰店
1,115913166,格瑞地板旗舰店
1,107116543,九牧赛骋专卖店
1,116043479,必图喜车品专营店
1,116118205,谱霖斯顿旗舰店
1,107301703,聚尚居家日用专营
1,116187671,奉生堂大药房旗舰店
1,107422464,童泰熙茂专卖店
1,107545491,如歌青品母婴专营店
1,72336999,慈铭旗舰店
1,72457463,盛装舞步旗舰店
1,62063168,公牛电器旗舰店
1,72563273,fancyfix旗舰店
1,62225665,bodeux旗舰店
1,72660785,爱德朗旗舰店
1,62291623,恒源祥爱诺专卖店
1,62409251,波斯丹顿旗舰店
1,116749065,千翠坊旗舰店
1,105494836,卡伯森家居旗舰店
1,116792711,ijarl瓷韵专卖店
1,105544176,爵煌旗舰店
1,116947573,恒源祥恒瑞祥泰专卖店
1,105628650,威寰运动专营店
1,117227823,七可旗舰店
1,105668486,水墨青华旗舰店
1,117413937,雷米眼镜旗舰店
1,105794969,星士凯旗舰店
1,105854813,狄普旗舰店
1,101151668,艾妃鲜花旗舰店
1,63321917,有道服饰专营
1,101462325,meilijia旗舰店
1,63415787,富和家居旗舰店
1,101698941,7000年旗舰店
1,63523624,零伍玖壹数码专营店
1,101957560,稻草人男包旗舰店
1,63731520,smartyou旗舰店
1,101993689,topcycling旗舰店
1,63967644,魔术荟萃旗舰店
1,64184027,莫泰旗舰店
1,117614899,具汇旗舰店
1,111155208,费蒙保罗旗舰店
1,118417502,高露洁诺晶专卖店
1,111290100,比你俏旗舰店
1,119421310,竹匠人家旗舰店
1,111413647,欣橙宠物用品专营店
1,120508025,nst耐施特旗舰店
1,111589189,蓝色私语旗舰店
1,111681963,kimo旗舰店
1,103739265,麦德好旗舰店
1,66707230,西铁城手表旗舰店
1,103866177,冠腾旗舰店
1,66815686,万汇运动专营店
1,103967486,天时汇官方旗舰店
1,66883549,品生美家居旗舰店
1,104142527,美的美地美专卖店
1,67095450,绿联数码旗舰店
1,67227889,伟峰友和数码专营店
1,130704944,致和泰德办公专营店
1,131208760,pulassi旗舰店
1,111744240,群辰母婴专营店
1,136402047,philips飞利浦丽新专卖店
1,111963656,babybjorn旗舰店
1,142828788,凯元旗舰店
1,112021118,恒源祥恒途专卖店
1,144357970,拜博旗舰店
1,112129362,非凡领袖旗舰店
1,145141916,艾谱创淘专卖店
1,112192024,epshome旗舰店
1,100122655,大朴家纺旗舰店
1,57300779,多喜爱旗舰店
1,100222371,泰摩旗舰店
1,59110100,天光墟珠宝旗舰店
1,100324525,kocotree旗舰店
1,57302655,盛宇家纺官方旗舰店
1,100557182,霞琪旗舰店
1,59465342,能臣家居专营店
1,100797899,鹊缘旗舰店
1,59974467,孚乐泰旗舰店
1,110532518,lm箱包旗舰店
1,104993699,麦绣绣家居旗舰店
1,110862963,cigarloong茄龙旗舰店
1,105140691,大师典洛专卖店
1,110913900,玖甄家居专营店
1,105221277,粉爱粉爱你旗舰店
1,111001102,乐羽家居旗舰店
1,105382204,鑫翼捷车品专营店
1,111041479,sanda烟具旗舰店
1,102936332,骆驼牌鞋类旗舰店
1,112325579,月儿弯珠宝旗舰店
1,107880170,金泰雄汽车用品专营店
1,112453505,icefish旗舰店
1,107969709,品雅一派旗舰店
1,112492758,久慕雅黛旗舰店
1,112521268,柏拉图烟具旗舰店
1,108112090,神彩家居专营店
1,108164242,美滋元旗舰店
1,67744843,牛牛手绘鞋类旗舰店
1,67871734,魅途旗舰店
1,67332175,满意轩旗舰店
1,68023838,洋溢幸福旗舰店
1,67392970,鸿胤家居专营店
1,68360039,迪亚龙旗舰店
1,67601218,mmaicco旗舰店
1,67690044,伊伊爱旗舰店
1,67741694,钺和成晟乐器专营店
1,114723581,昌辉旗舰店
1,114857704,安鹏运动户外专营店
1,108229936,斯德莉旗舰店
1,115018605,多乐都乐旗舰店
1,145268517,lapagayo帕佳图旗舰店
1,108309379,谷蝶旗舰店
1,115249151,柏年车品旗舰店
1,145352914,凌远医疗器械旗舰店
1,108336113,hindar眼镜旗舰店
1,115557027,特莱滋旗舰店
1,145562945,展志天华旗舰店
1,108389217,施巴海外旗舰店
1,145706484,寻梦合伙人旗舰店
1,108440746,艾格蒙特旗舰店
1,70173019,盛旺服饰专营店
1,70295137,思锐旗舰
1,70501581,牛老爹旗舰店
1,57630132,吉意欧咖啡旗舰店
1,70697881,远港旗舰店
1,70853336,innisfree官方旗舰店
1,58370249,美达斯家居旗舰店
1,58884078,金鹏旗舰店
1,106359598,朗森旗舰店
1,116463371,天堂雨瑞专卖店
1,106551991,华科宠物用品专营店
1,116512905,安易飞旗舰店
1,106743242,lydoo旗舰店
1,116584650,魔香旗舰店
1,106842703,菲仕特运动户外专营店
1,116668685,北极绒优室家专卖店
1,106969890,神力旗舰店
1,73028092,铭塔玩具旗舰店
1,73204921,棉田家居官方旗舰店
1,62629667,宜朗家居旗舰店
1,73244308,生生旗舰店
1,62765944,普瑞斯登家居旗舰店
1,73376635,名将旗舰店
1,62890059,好太太官方旗舰店
1,73521238,雅湖烟具专营店
1,63042635,莱络服饰专营店
1,100082948,欧赢旗舰店
1,63095864,amourwedding旗舰店
1,114085340,康夫揭阳专卖店
1,114245380,森瑞斯烟具专营店
1,113123116,cgh旗舰店
1,114406295,优博特斯旗舰店
1,113273005,盛柏源旗舰店
1,114497654,湿鼻子旗舰店
1,113449788,安途森汽车用品专营店
1,114666635,stenders施丹兰旗舰店
1,113562559,红品爱家旗舰店
1,113799307,美力德武汉专卖店
1,102159157,韩源数码专营店
1,64212504,蕴特优能旗舰店
1,64450656,亚承汽车用品专营店
1,102352223,美的九鼎专卖店
1,64578954,广丰源数码专营店
1,102570227,dcshoecousa旗舰店
1,64661419,方太官方旗舰店
1,102728741,浪莎女装旗舰店
1,64872749,maxgear马盖先店
1,65114989,拉芳旗舰店
1,123341254,西洋景旗舰店
1,124939742,kidstar童星车品旗舰店
1,109881911,银元通家居专营店
1,127021544,卡拉丁汽车服务旗舰店
1,110070541,josiny卓诗尼茵诗曼专卖店
1,128167225,爱尔科旗舰店
1,110251040,井天户外专营店
1,129470535,仁和堂大药房旗舰店
1,110321181,妮歌旗舰店
1,104356366,sanho三禾旗舰店
1,104454465,帝弗润驰旗舰店
1,69001037,sofo官方旗舰店
1,104619107,康鹏旗舰店
1,69189814,tinge旗舰店
1,69311329,纽卡斯旗舰店
1,104843420,唐朝家纺旗舰店
1,108800419,娃娃小镇旗舰店
1,108995428,誉鹤家居专营店
1,109040643,溢莱家具旗舰店
1,109431485,古尚古旗舰店
1,109692200,客邻尚品海外旗舰店
1,108543680,parnis柏飞专卖店
1,108641917,易百购母婴专营店
1,68499059,塞博数码专营店
1,68584866,夜驴骑户外旗舰店
1,68722846,shunxiang旗舰店
1,60975411,大自然家具官方旗舰店
1,68823618,米兰床上用品旗舰店
1,68908684,比菲力旗舰店
1,61501505,银桑旗舰店
1,61725201,涌金大青专卖店
1,112298523,家宝奉沃专卖店
1,103063756,上源纺家居旗舰店
1,103117006,波力官方旗舰店
1,65222399,魅足地毯旗舰店
1,103306560,vibra乐器旗舰店
1,103438089,子初旗舰店
1,65984184,simwood旗舰店
1,103519318,安泰路斯轮胎旗舰店
1,66300413,国俊运动专营店
1,66480435,聚实惠户外专营店
1,112530211,靓宇车品专营店
1,112637532,crn旗舰店
1,105882266,axonus海外专营店
1,105971756,hango美伦专卖店
1,112780128,欧菲林水专卖店
1,106068375,智宏信家居专营店
1,112822755,驰跑旗舰店
1,112948278,齐泉家居旗舰店
1,106222214,樱舒旗舰店
1,71318409,可利丝旗舰店
1,60039641,零度尚品旗舰店
1,71594868,tiger虎牌官方旗舰店
1,60329764,361度官方旗舰店
1,71939304,深汕家居专营店
1,60407316,依波旗舰店
1,72140721,zoyu旗舰店
1,60532843,贝库化妆品专营店
1,116096650,莹玉家居旗舰店
1,116127924,绿轁手表专营店
1,116200831,卡姿兰瑞鼎诚专卖店
1,107511937,神马母婴专营
1,107604265,百变魔仙旗舰店
1,72545923,万象旗舰店
1,62137109,msshe旗舰店
1,72571314,SK-II官方旗舰店
1,62256763,东海世家旗舰店
1,72739666,仁博大药房旗舰店
1,62347663,卡奇洛旗舰店
1,62474783,南吉服饰专营店
1,62494513,小白熊旗舰店
1,116681976,千家监理旗舰店
1,116761725,豪峰豪迈专卖店
1,105510770,卡姿兰美诗专卖店
1,116845644,LA MER海蓝之谜官方旗舰店
1,105598489,艾诗祺男装旗舰店
1,117084769,lois洛伊丝旗舰店
1,105645000,骆易家旗舰店
1,117265886,顺天府旗舰店
1,105713989,zippo爱东专卖店
1,117449962,塔菲克旗舰店
1,101055838,奥康绿桃专卖店
1,101303680,翼扬汽车用品专营店
1,101495974,sabo尚比奥旗舰店
1,63440460,海伦凯勒眼镜旗舰店
1,101826119,足间舞鞋类旗舰店
1,63643018,高洁乐山专卖店
1,101974848,ldh雷遁旗舰店
1,63784399,四合地板旗舰店
1,102054043,虎翔旗舰店
1,63991290,布迪车品专营店
1,117683347,南十字星旗舰店
1,111080521,烤乐仕旗舰店
1,118063625,花立方旗舰店
1,111214459,南极人樱玛专卖店
1,118836782,林盾旗舰店
1,111315045,rex斑点专卖店
1,119898850,旺邦母婴专营店
1,111449663,米力运动专营店
1,121129492,philips智行豹专卖店
1,111603638,心家宜爱美居专卖店
1,111714803,宁彤汽车用品专营店
1,103772664,花缘坊旗舰店
1,66729356,乐康家居专营店
1,66841964,一口诺食品专营店
1,103990331,卡帝乐鳄鱼鞋类旗舰店
1,104209027,杰队保健品专营店
1,67137351,七匹狼箱包旗舰店
1,67263363,乐兜家居旗舰店
1,130806823,艺创客乐器专营店
1,135543614,正泰叮咚专卖店
1,111839603,巨欧旗舰店
1,140872059,璟泓万方堂大药房旗舰店
1,112006928,南极人情豪专卖店
1,143472668,空格动漫专营店
1,112053656,小酒窝家居旗舰店
1,112209409,米奇龙旗舰店
1,57299586,水星家纺旗舰店
1,57300458,太和旗舰店
1,100145068,舒休宝旗舰店
1,58977171,同城户外专营店
1,57301160,新韵古筝旗舰店
1,100270090,万达凯旋数码专营店
1,59160580,瑞美特旗舰店
1,100330136,阑珊树旗舰店
1,59299955,尚品天下食品专营店
1,57303342,英子著衣旗舰店
1,100646469,bekvan旗舰店
1,59522870,绿菲尔旗舰店
1,100889920,fitwall旗舰店
1,110552063,达利集团旗舰店
1,110820514,babyfeet旗舰店
1,105016354,禾木林数码专营店
1,110870221,三颗糖食品专营店
1,105151550,六齐家居专营店
1,110971234,金三塔浙江专卖店
1,105246605,好孩子汽车用品旗舰店
1,111026379,优卡航旗舰店
1,105412554,adream旗舰店
1,112315161,宜加美旗舰店
1,112349303,bellroy官方海外旗舰店
1,107830843,carod卡罗德旗舰店
1,112449738,爱儿宝乐宝贝跳跳旗舰店
1,148237670,潘易园林旗舰店
1,107924851,国筝御雅乐器专营店
1,112469209,爱的曼语旗舰店
1,108017662,臻萃旗舰店
1,108144128,瑞乐尔旗舰店
1,67350953,欣蕾眼镜专营店
1,68067003,盛世锦尚家居专营店
1,67412624,美晶旗舰店
1,68301170,好食好吃食品专营店
1,67539595,天狮烟具专营店
1,68381191,希乐旗舰店
1,67626690,玉竹堂旗舰店
1,67714890,源顺家居专营店
1,114690875,百视达眼镜专营店
1,114802623,cochenille旗舰店
1,108188546,德力西乐水专卖店
1,108260445,正帆旗舰店
1,115095764,唯派运动专营店
1,108313788,趣乐乐器专营店
1,115279508,驰远汽车用品专营店
1,145400244,begin家纺旗舰店
1,108350060,kingfitness运动旗舰店
1,115572754,帕莎俊雅专卖店
1,145602045,赤尾旗舰店
1,108409044,久木林林旗舰店
1,145727697,门窗港旗舰店
1,70126616,幸福密码旗舰店
1,148143357,虎牌盛隆专卖店
1,70247100,可优比旗舰店
1,70391991,瑞福祥家居旗舰店
1,57582147,浪莎内衣专营店
1,70539661,万代官方旗舰店
1,58943719,oiwas启胜专卖店
1,116279767,圣路堡旗舰店
1,116382831,常鑫凯越骋专卖店
1,106436670,康曦木业旗舰店
1,116479863,kfn凯夫妮旗舰店
1,106562779,苏庭美居旗舰店
1,106780674,艾浪沃尔达专卖店
1,116593239,tiger虎牌鸿程力达专卖店
1,106889844,不莱玫旗舰店
1,106989128,舒美之秀旗舰店
1,73120555,顿好旗舰店
1,73228923,兰芝官方旗舰店
1,73291467,特威玺达家居专营店
1,62801753,登月运动专营店
1,73419753,洲强服饰旗舰店
1,62928189,四合院鞋类旗舰店
1,63182625,高夫印象旗舰店
1,113824143,诺奇眼镜专营店
1,114137793,亚瑞家居专营店
1,113064763,米马对碰旗舰店
1,114284686,十月皇后旗舰店
1,113179746,美匡手表旗舰店
1,114440129,anta安踏翔润专卖店
1,113415933,南极人户外旗舰店
1,114546272,馨约旗舰店
1,113474605,匠格格旗舰店
1,114677895,jsdun金仕盾旗舰店
1,102097665,集酷服饰专营店
1,102168606,蓓莱乐旗舰店
1,64247498,玲珑格格家居旗舰店
1,102417112,奥康国际官方旗舰店
1,64636788,澳麟旗舰店
1,102575723,韵克鞋类旗舰店
1,64759550,雅特茂旗舰店
1,102911224,富尔顿旗舰店
1,64973143,翔跃旗舰店
1,123911917,月好旗舰店
1,109763551,轩男旗舰店
1,126107720,雅漾官方旗舰店
1,109918294,康奈男鞋官方旗舰店
1,127689469,鲁阳家居专营店
1,128318265,wanpy顽皮宠物用品旗舰店
1,110395979,法兰芭比旗舰店
1,110523972,joyflower旗舰店
1,104408251,纳绎旗舰店
1,68968301,竹禾木生活旗舰店
1,104490963,文宠宠物用品专营店
1,69013014,达令河车品旗舰店
1,104675707,superte舒美特旗舰店
1,69218865,飞利浦润氏专卖店
1,104811560,上海奥悦家居专营店
1,104892255,卡姿兰悦美专卖店
1,69773935,世纪大明眼镜专营店
1,70080922,车太太汽车用品旗舰店
1,108864481,李医生化妆品旗舰店
1,108467762,揽梦家居旗舰店
1,109007909,宽容旗舰店
1,108497393,海康威视蓝水专卖店
1,109318078,西子纱旗舰店
1,108529999,众汇旗舰店
1,109562578,吉美多家居专营店
1,108539864,好孩子乐适专卖店
1,109713831,naturallyjojo手表旗舰店
1,108547429,天奕家纺旗舰店
1,108659019,懒妈妈旗舰店
1,68521620,特居家居专营店
1,68617480,小毛驴旗舰店
1,60757502,三枪官方旗舰店
1,68775483,宠趣宠物用品专营店
1,68890013,ourspop旗舰店
1,61260091,典男家居专营店
1,61575154,优之良品食品专营店
1,61784611,澳格斯汽车用品专营
1,103080353,卡佳旗舰店
1,65160147,奥舟家居旗舰店
1,103180145,爱哆哆旗舰店
1,103354141,升高海专卖店
1,65729634,全友家居官方旗舰店
1,103542825,心家宜家居旗舰店
1,66583458,多格萨萨蜜旗舰店
1,112615753,斯道普车品旗舰店
1,112653360,茗豪海外专营店
1,105914836,美年大健康旗舰店
1,112748740,badese巴德士旗舰店
1,105988540,stamida速美达旗舰店
1,112789456,linkfair凌丰喜派专卖店
1,106083424,动之美运动专营店
1,112895087,怡奥旗舰店
1,106232108,生活家装饰旗舰店
1,71201216,科特豪斯家居旗舰店
1,60137818,安安汽车用品专营店
1,71701387,赛希运动户外专营店
1,60293625,好时巧克力旗舰店
1,60365792,居元素家居旗舰店
1,72011462,洛克运动户外专营店
1,60413551,yijan旗舰店
1,115737096,五十五度旗舰店
1,115902366,gamesir旗舰店
1,107184108,飒爽旗舰店
1,116107471,icecoorel酷睿冰尊旗舰店
1,116137602,枚凯家居专营店
1,107691909,爱偲玛旗舰店
1,72251187,优居宝家纺旗舰店
1,72423597,青婉田旗舰店
1,72562305,耀星旗舰店
1,62213146,环拓服饰专营店
1,72624065,纽麦旗舰店
1,72881048,黛安芬官方旗舰店
1,62484295,顺凯汽车用品专营店
1,116742786,纳份爱旗舰店
1,116777187,杰尼特旗舰店
1,105526285,瑷雅轩旗舰店
1,116909709,来一客旗舰店
1,117139901,烁宇照明旗舰店
1,105662668,索妮迪菲旗舰店
1,117344056,nakabayashi慕情专卖店
1,105845459,熙元家居旗舰店
1,101113246,左轮乐器专营店
1,101415181,斯柏达旗舰店
1,63459453,黑白调旗舰店
1,101988140,布先生旗舰店
1,63850665,风速户外专营店
1,64071253,一朵家居旗舰店
1,117548108,第一卫旗舰店
1,117739849,佰丝堂哈顿专卖店
1,111148705,婺思车品专营店
1,118338935,尼的生活旗舰店
1,111289892,童泰无疆专卖店
1,119062359,琴叶优泽专卖店
1,111398295,康润居家日用专营店
1,120357667,merdor旗舰店
1,111548745,光释家居专营店
1,122769943,stanley史丹利品禾专卖店
1,111666592,聚千数码专营店
1,103604908,极之鲜食品专营店
1,103727369,宜捷家居旗舰店
1,66699989,飞科鼎发专卖店
1,103798062,gtb古登堡旗舰店
1,66755689,芝华仕官方旗舰店
1,103896951,caino坤利达专卖店
1,66879108,绿匙食品专营店
1,104133708,雅居汇旗舰店
1,67019978,天霸旗舰店
1,104310417,新柜尔旗舰店
1,67170165,蔻丝旗舰店
1,111735724,佳仕立静旗舰店
1,111889225,无名印象旗舰店
1,142761251,佰瑞屋医疗器械旗舰店
1,112013592,简印服饰旗舰店
1,112125912,黑白果旗舰店
1,112168175,新欣彤服饰旗舰店
1,57299311,相宜本草官方旗舰店
1,100096029,博世金乾盛专卖店
1,57300523,多样屋家居
1,100179231,莱夫箱包旗舰店
1,59093657,爱华仕旗舰店
1,57301204,crd克徕帝官方旗舰店
1,100313762,新爱琴乐器专营店
1,59211142,雅轩斋旗舰店
1,100480295,瑞尔家居专营店
1,59348092,欣启程箱包专营店
1,100763049,酷尾巴旗舰店
1,59669023,舒华旗舰店
1,100942177,徐记驰坤专卖店
1,59929004,友芳旗舰店
1,104972738,全友家私友成通达专卖店
1,105087508,phealth碧荷旗舰店
1,110907163,欧姆龙官方旗舰店
1,105169128,绿润旗舰店
1,110997231,欧苏缦旗舰店
1,105303950,思帕客旗舰店
1,111040801,幽兰芬芳旗舰店
1,105418637,厚生家居专营店
1,112320747,克克定制旗舰店
1,107715740,淮南古今内衣专营店
1,112376067,llumar龙膜旗舰店
1,107839578,九瑞车品专营店
1,112452032,findpop旗舰店
1,148538347,奥义健与美专卖店
1,112489288,普华力拓旗舰店
1,112504605,天露服饰专营店
1,108092908,cmon旗舰店
1,67832950,秀观唐服饰旗舰店
1,67286661,万马堂户外专营店
1,67984962,玛丁图旗舰店
1,68079379,珀兰家居旗舰店
1,67466056,月影凯顿家居旗舰店
1,68347150,西尚玫瑰家居旗舰店
1,68412544,美的卡梅拉专卖店
1,67731128,飞利浦新顶华专卖店
1,114704577,宝仕塔母婴专营店
1,114837506,BLACKMORES海外旗舰店
1,115012279,ram旗舰店
1,108269739,爱潮鸟旗舰店
1,115211764,喵管家旗舰店
1,108323646,红光办公旗舰店
1,115408893,君丰烟具专营店
1,145551368,佰翔空厨食品旗舰店
1,108361617,大金空净官方旗舰店
1,145668816,贝特诚品宠物用品专营店
1,108418133,isaly旗舰店
1,147990782,聋康医疗器械专营店
1,70159227,zhuaimao拽猫旗舰店
1,148188572,布丁瓷艺旗舰店
1,70275818,车舞飞扬车品专营店
1,70475926,哈尔斯官方旗舰店
1,70620408,suncha双枪旗舰店
1,57950585,天时鲜花专营店
1,70831039,水漾家纺旗舰店
1,58230924,淘喜陶瓷专营店
1,58877071,高哥诚信专卖店
1,116231144,康巴丝青松专卖店
1,116364131,大地之鹰旗舰店
1,106337893,宜鹏居家日用专营店
1,116408326,toto桑诺专卖店
1,106501632,osprey旗舰店
1,116483188,GNC健安喜官方海外旗舰店
1,106624616,涌金旗舰店
1,106827082,韩酷烟具专营店
1,116661528,光威户外旗舰店
1,106949312,libbey利比旗舰店
1,107018831,佐拉奴旗舰店
1,72952472,祯意烟具专营店
1,73198475,翰光户外旗舰店
1,62622680,princesong旗舰店
1,73239947,万家乐兴典专卖店
1,62731150,赣春旗舰店
1,73318973,越古旗舰店
1,62833972,vosloo旗舰店
1,73481628,星扉旗舰店
1,62929913,东居家居旗舰店
1,100062715,韵之堂旗舰店
1,63093229,慧妈妈母婴专营店
1,63278167,gl家居旗舰店
1,113925614,捷骏汽车用品专营店
1,114224138,toutou旗舰店
1,114400338,六宜居旗舰店
1,113246735,犬印本铺母婴旗舰店
1,114489332,福明轩旗舰店
1,113424952,怡斐尚旗舰店
1,114637892,babycare旗舰店
1,113499428,尊迪鞋类专营店
1,113772369,康巴丝润通专卖店
1,102130786,伊人家居旗舰店
1,102185488,七匹狼卓朗专卖店
1,64264254,floris汇丰专卖店
1,102301677,马应龙大药房旗舰店
1,64483240,奥鹏家居旗舰店
1,102441527,骆驼箱包旗舰店
1,64657368,成楷恒业家居专营店
1,102688294,casio络克专卖店
1,64997396,葛莱官方旗舰店
1,123251853,奥瑞驰旗舰店
1,109878810,广绩堂大药房旗舰店
1,126904044,中鑫之宝旗舰店
1,109968711,融昌迅维车品专营店
1,127928244,红瑞纺织旗舰店
1,110236125,cigr8旗舰店
1,129118222,青蛙家居旗舰店
1,110301095,扬州州际乐器专营店
1,110415977,funrest芬璐旗舰店
1,104426992,kiddyears旗舰店
1,68998183,东莞强迪家居专营店
1,104576492,reebaby旗舰店
1,69165553,方龙数码专营店
1,104684833,璐瑶欧选专卖店
1,69289733,chbaby旗舰店
1,104821366,迪威诺旗舰店
1,69589891,华克斯电器专营店
1,104951673,云宠宠物用品专营店
1,69925993,清香玫瑰家居旗舰店
1,108769764,雅汐旗舰店
1,108954825,凡萨帝旗舰店
1,108486351,好孩子百旺贝贝专卖店
1,109030028,本博中煌专卖店
1,108509565,wilson官方旗舰店
1,109400500,hugmii旗舰店
1,109584695,静语嫣家居旗舰店
1,108541930,金盛阳光家居专营店
1,109739216,贝茜旗舰店
1,108613438,neeu旗舰店
1,68489341,柑晟鞋类专营店
1,68549210,茶礼世家旗舰店
1,60855044,kingmagic旗舰店
1,68799960,至信烟具专营店
1,61137965,大圣母婴专营店
1,68905897,初语旗舰店
1,68932308,恒冠运动专营店
1,103086998,晶嘉悦旗舰店
1,65207694,camel旗舰店
1,103381756,索尔旗舰店
1,65885654,美德乐旗舰店
1,103518312,橙舍旗舰店
1,66291053,苏菲亚旗舰店
1,103560133,浪莎慕斯专卖店
1,66449710,岚木食品专营店
1,105873403,vvqi旗舰店
1,112674693,凤之星旗舰店
1,105958830,recluse旗舰店
1,112768222,美的中盛枫专卖店
1,106005334,kidsing旗舰店
1,112790604,青叶旗舰店
1,106102119,特普瑞斯家居专营店
1,112925700,北极绒若兰专卖店
1,106264241,ogawa奥佳华旗舰店
1,71249469,恒源祥汽车用品旗舰店
1,60014226,天美意teenmix官方旗舰店
1,60182614,胖胖熊数码专营店
1,71714922,美洲野牛旗舰店
1,60328289,灵动汽车用品专营店
1,71905981,nitro箱包旗舰店
1,72103545,优贝宜旗舰店
1,60430309,炫车汽车用品专营店
1,60515991,斐格旗舰店
1,115927441,婴爱旗舰店
1,107139652,钓鱼王旗舰店
1,116045359,mozves茉莉香水旗舰店
1,107278011,onlycook旗舰店
1,116119562,喜福来丹溪专卖店
1,107301990,居安思家居专营店
1,116191878,远岸家居专营店
1,107462775,惠仁堂大药房旗舰店
1,107546431,百年立乐家居专营店
1,72341846,宝恋旗舰店
1,62106167,highmax旗舰店
1,72565741,友澳家具旗舰店
1,62254867,康福禄旗舰店
1,72675534,联合丽家旗舰店
1,72821129,乐扣乐扣倍儿专卖店
1,62431420,宾胜汽车用品专营店
1,62486311,伯帝酷奇旗舰店
1,116676364,zippo芝宝琦品专卖店
1,116754728,万家乐大耳兔专卖店
1,105495854,悦步淘科专卖店
1,116801135,山卡拉母婴专营店
1,105588161,七匹狼品迪专卖店
1,117062441,创得优百专卖店
1,105642629,巧媳妇五金旗舰店
1,117229136,半岛饰品旗舰店
1,105712428,莱茵手表旗舰店
1,117416799,布洛德旗舰店
1,105797743,淮安乐享食品专营店
1,105873381,辉豹旗舰店
1,101005067,da德克旗舰店
1,101239680,蔓诗兰旗舰店
1,63324230,十格格家居旗舰店
1,101468989,礼祥缘旗舰店
1,101710111,子乐湾旗舰店
1,101962990,1869旗舰店
1,63747868,格峰旗舰店
1,102023052,木澜之春旗舰店
1,63971514,国富黄金旗舰店
1,64186145,东马仕车品专营店
1,117639057,fasato凡萨帝每缘专卖店
1,117824774,托瑞斯旗舰店
1,111186013,艺浦旗舰店
1,118438392,lavaguitar旗舰店
1,111291658,戈瑞思旗舰店
1,119422786,钻先生珠宝旗舰店
1,120713463,司米橱柜官方旗舰店
1,111593884,暴龙品尊专卖店
1,111682883,abo艾宝旗舰店
1,103704396,阳光百惠旗舰店
1,103771202,为伊家居专营店
1,66709845,子依家居旗舰店
1,103870070,山山旗舰店
1,103975997,福乐明旗舰店
1,66958389,霞琪母婴专营店
1,104160527,西卡丹旗舰店
1,67110876,舒菲娅母婴专营店
1,67251682,信诺鞋类旗舰店
1,130757709,明月眼镜旗舰
1,131287349,宝声乐器专营
1,111827749,达迈母婴专营店
1,137462338,MOROCCANOIL海外旗舰店
1,111977238,月烨家居旗舰店
1,112044143,奕隆车品专营店
1,144477232,babyfun贝缤纷旗舰店
1,112149875,celica赛丽卡汽车用品旗舰
1,145192534,日康旗舰店
1,112199807,豫洋车品专营店
1,57299374,LAISLA旗舰店
1,57299926,名冠运动品牌专营店
1,100123892,neiwai内衣旗舰店
1,100222696,嘉炜旗舰店
1,59117349,伊丽雅佳旗舰店
1,100327556,巧媳妇家居旗舰店
1,59264775,卡贝官方旗舰店
1,100577850,aesop伊索旗舰店
1,59472103,哈他淘宝官方旗舰店
1,100815758,voyjoy旗舰店
1,59810741,超迅汽车用品专营店
1,59981440,驰钦车品专营店
1,110532901,水木语旗舰店
1,110733576,铁血尖兵运动户外专营店
1,104996073,爱巧食品专营店
1,110865176,翼驰车品专营店
1,105141922,帕森旗舰店
1,110915600,四季家园旗舰店
1,105239712,polisi运动户外旗舰店
1,111015128,木马人家具旗舰店
1,105392652,kobold酷波德旗舰店
1,111045358,慕容世家旗舰店
1,105432253,恒艺箱包专营店
1,102947306,沃生旗舰店
1,112338530,博美居家日用专营店
1,107780100,福儿宝旗舰店
1,112445414,衍生家居专营店
1,148235520,静馨之氧医疗器械专营店
1,107897429,凯乐居旗舰店
1,112466373,闻野香车品专营店
1,108040294,五月格格旗舰店
1,108134577,玥玛中山专卖店
1,67755414,法丽莎家居旗舰店
1,67873222,小林日化官方旗舰店
1,68046812,新珀旗舰店
1,67393074,妙朗家居旗舰店
1,68236325,dreasylife家居旗舰店
1,68365881,天纵家居旗舰店
1,68475313,sweetnight家居旗舰店
1,67694825,哥弟官方旗舰店
1,114726775,海盗猫旗舰店
1,108176186,恒韵乐器专营店
1,114861274,mennyo旗舰店
1,108260272,嘉士嘉旗舰店
1,115062498,迈仕宠物用品专营店
1,145268832,迈卡盾旗舰店
1,108310485,vapsint维思德旗舰店
1,115254647,蓝浣熊旗舰店
1,145355286,baili百利旗舰店
1,108336402,凯霸旗舰店
1,115558352,米其林驰加官方旗舰店
1,145567861,llumar龙膜首畅专卖店
1,108405211,山山地板旗舰店
1,108465121,圣绵旗舰店
1,148016149,馥绿德雅旗舰店
1,70205960,亿淘电器专营店
1,57303664,螃蟹秘密内衣旗舰店
1,70515986,eirmai旗舰店
1,57631779,AK男装旗舰店
1,57981998,凡客家居专营店
1,70873247,北京同仁堂健康旗舰店
1,58924747,潮宏基珠宝旗舰店
1,116261736,联盛瀚海办公用品专营店
1,116373535,驰森宠物用品专营店
1,116468604,舒城睿宝母婴专营店
1,106561267,红丫头化妆品专营店
1,106764039,志高空调官方旗舰店
1,116591882,冠豪眼镜旗舰店
1,106854662,奥施洛旗舰店
1,106980970,风采人家旗舰店
1,73057829,玛氏宠物食品官方旗舰店
1,73211590,nuckily旗舰店
1,62641371,孕婴港湾旗舰店
1,73245788,广州力象车品专营店
1,62767099,丰禾力健食品专营店
1,62907218,格莱美汽车用品专营
1,100004185,南台月旗舰
1,63131791,宜栖母婴旗舰店
1,114114823,百丽迪芬旗舰店
1,114275679,利业车品专营店
1,113153788,九州速配汽车用品专营店
1,114416458,帕朵兰蝶旗舰店
1,113313371,友合家纺专营店
1,114499694,麦欧力旗舰店
1,113466808,多米阳光旗舰店
1,113562580,好享家旗舰店
1,113800069,esong奢品海外专营店
1,102068015,森淼旗舰店
1,102159241,木月旗舰店
1,64215778,驹尚汽车用品专营店
1,102221351,恋佳缘旗舰店
1,64451347,龟兔家居旗舰店
1,102358158,七匹狼涵德专卖店
1,64585238,芬腾官方旗舰店
1,102570821,邦顿手表旗舰店
1,64674712,黛梦思家纺旗舰店
1,102748343,所望官方旗舰店
1,64889001,雅诗旗舰店
1,65130572,木石有约旗舰店
1,123346259,红双喜官方旗舰店
1,125307080,sandisk闪迪酷萌专卖店
1,109895914,walkallen旗舰店
1,127349821,凡猎旗舰店
1,110102140,贝瑞迪旗舰店
1,110266714,美浓烧旗舰店
1,110366978,智慧帆旗舰店
1,110462492,cima旗舰店
1,104358044,凯恩斯旗舰店
1,104472425,轶超旗舰店
1,104637715,lilac紫丁香旗舰店
1,69191619,如亲旗舰店
1,104741468,童依柜母婴专营店
1,69377458,遐内衣旗舰店
1,104858471,cajerin旗舰店
1,70030185,泽坤手表专营店
1,108804388,电装旗舰店
1,108491262,changxie长协电子旗舰店
1,109042332,艾情草之恋旗舰店
1,108521615,minimoto祥翼专卖店
1,109523677,卓臣旗舰店
1,108536568,naturehike旗舰店
1,108544162,乐光旗舰店
1,108643730,非浅旗舰店
1,68610414,墙蛙旗舰店
1,68726918,卡姿兰官方旗舰店
1,60986537,尚动运动户外专营店
1,68873494,克奈圃官方旗舰店
1,61178494,方回春堂旗舰店
1,68908816,蓝澜旗舰店
1,61505302,爱尚鲜花旗舰店
1,61746783,和购旗舰店
1,112301643,好象箱包旗舰店
1,103068736,铮舍旗舰店
1,65320212,耐威克官方旗舰店
1,103341467,云端旗舰店
1,65693608,五福金牛旗舰店
1,103500342,创健旗舰店
1,66488048,苏泊尔炊具旗舰店
1,112610099,苏时力旗舰店
1,112637896,硕图旗舰店
1,105906243,青节家居旗舰店
1,112680956,车精灵淘色专卖店
1,112780588,卡卡妮亚旗舰店
1,106070106,热多家居专营店
1,106140425,锐天运动专营店
1,112957277,初牛旗舰店
1,106225795,华海家居专营店
1,71179862,正然旗舰店
1,71487661,百特好旗舰店
1,60072094,旺通食品专营店
1,71615266,魔术八千玩具专营店
1,60244183,维氏和兴专卖店
1,71732373,乔山旗舰店
1,60348540,我要要饰品专营店
1,71955116,NIKE官方旗舰店
1,72226767,米路数码专营店
1,60495579,香山旗舰店
1,115867943,鸿星尔克童装旗舰店
1,115939241,嘉年华若青禾专卖店
1,107163644,septwolves尹贝专卖店
1,116097777,雅润家居专营店
1,107287136,海尔润轩专卖店
1,116134404,schiesser舒雅苗顺专卖店
1,107412984,动之恋旗舰店
1,116206032,七彩格子饰品旗舰店
1,107605430,优合旗舰店
1,72380427,恒源祥旗舰店
1,61956785,青罗汽车用品专营店
1,72547026,techwood旗舰店
1,62147762,adidas官方旗舰店
1,72580559,晶飞旗舰店
1,62269739,美乐家居专营
1,72741025,安源味道食品专营店
1,62353490,卡卡买车品旗舰店
1,72837584,派丽蒙官方旗舰店
1,62476032,卡蜜琪旗舰店
1,62495720,玛丽黛佳旗舰店
1,116763673,童年时光海外旗舰店
1,116849231,车行天下车品旗舰店
1,105598568,切瑞西家居旗舰店
1,117106502,和堂悦舍旗舰店
1,105649424,雅宝福旗舰店
1,117266283,七匠坊旗舰店
1,105842519,宝亲母婴专营店
1,101061860,亮海兴汽车用品专营店
1,63348283,oppo酷炫专卖店
1,63457893,瑞诺旗舰店
1,101849079,卡特罗旗舰店
1,101975824,琴飞曼旗舰店
1,63786325,xingyunshi旗舰店
1,64045092,王者韵丝蔓专卖店
1,117510361,midoli旗舰店
1,117707136,roydom皇龙之家旗舰店
1,111133605,莎伦诗旗舰店
1,111267755,ginoble基诺浦旗舰店
1,118909175,曲采旗舰店
1,111329265,亿居饰家具旗舰店
1,111481306,贝喜旗舰店
1,121787178,上海康迅乐器专营店
1,111608465,天蝎座眼镜专营店
1,111717820,欧博龙旗舰店
1,103569134,zhantai家居旗舰店
1,103711837,墨麦客舍我专卖店
1,66698677,diplomat官方旗舰店
1,103774150,一甲车品专营店
1,66736809,人本鞋类旗舰店
1,103890436,卡迪乐器专营店
1,103992228,叶同仁大药房旗舰店
1,104264495,宜度家居专营店
1,67285574,优洋家居旗舰
1,130867940,邦力健医疗器械旗舰店
1,111842955,金农家居旗舰店
1,142266560,ccf辰赐福旗舰店
1,143562073,联华食品海外旗舰店
1,112065105,固家办公用品旗舰店
1,112164050,酷尾巴壹百米专卖店
1,112215172,fimage有致南木专卖店
1,57300482,mbox饰品旗舰店
1,100157866,manato旗舰店
1,100276215,唯阿运动户外专营店
1,59207096,acacia旗舰店
1,59302263,康尔馨旗舰店
1,57303357,海盗船官方旗舰店
1,100663871,艺峰旗舰店
1,59634136,织圆旗舰店
1,100894801,artiart旗舰店
1,59992621,飞利浦本汇专卖店
1,110560269,众霸旗舰店
1,110836766,宾卡达旗舰店
1,105165736,童泰上海专卖店
1,110980612,欧美特汽车用品专营店
1,105268070,西门子威尔康赛专卖店
1,111026650,恩康旗舰店
1,105418115,皇利莱旗舰店
1,105434980,美淘家居专营店
1,112315562,龙之艺旗舰店
1,107834429,kosmaxhome康玛仕旗舰店
1,112450975,铂马仕旗舰店
1,148443209,瑞音乐器专营店
1,107932777,糖村海外旗舰店
1,112475813,蓝鹦旗舰店
1,112496287,雅尼户外旗舰店
1,108086244,巴布豆乐缘专卖店
1,108145709,蒂利仕旗舰店
1,67763585,时代先锋烟具专营店
1,67963800,海馈宝旗舰店
1,67364050,gigi旗舰店
1,68073117,静熙旗舰店
1,67415064,mcgor旗舰店
1,68302008,ttmix旗舰店
1,67540233,波克丝瑞家纺旗舰店
1,68384059,真成光乐器专营店
1,67627047,华诺乐器专营店
1,67723120,海王星辰大药房旗舰店
1,114695004,九牧成斌专卖店
1,114831543,好逑旗舰店
1,108191080,旻军数码专营店
1,114915377,可好家具旗舰店
1,145235017,粤华医疗器械旗舰店
1,115182224,xgg旗舰店
1,145290275,天后御品旗舰店
1,108314173,啡忆咖啡家居专营店
1,115281332,禅意阁旗舰店
1,145412790,凤凰金圣源专卖店
1,108357879,点缤车品专营店
1,115635252,梵爵旗舰店
1,145607185,智杰医疗器械专营
1,108415361,民材家居专营店
1,70140766,yutuboy旗舰店
1,148155394,美的合美永顺专卖店
1,70249850,康之家大药房旗舰店
1,70572237,fanci旗舰店
1,70790880,车仆旗舰店
1,71041500,sessile家居旗舰店
1,58522469,伊司达洁具旗舰店
1,116282306,博世鹏达专卖店
1,106311668,阿布号鞋类专营店
1,116388545,亚其绝色领航专卖店
1,106437466,万晶旗舰店
1,106575404,勒辉车品专营店
1,116567066,普兰迪旗舰店
1,106783905,天创家居专营店
1,106894205,宽途旗舰店
1,107000316,华兴茂居家日用专营店
1,73122180,三月三家居旗舰店
1,62609253,优缘雅居旗舰店
1,62686432,驰邦车品专营店
1,73302811,星辰运动户外专营店
1,62802440,洁仕宝旗舰店
1,62929714,橡树庄园旗舰店
1,100027003,惠丰家居旗舰店
1,63225933,nakabayashi旗舰店
1,113877504,仟湖宠物用品专营店
1,114139460,蔻尊旗舰店
1,113073903,瑞之缘旗舰店
1,114303109,畅柔服饰旗舰店
1,113240897,惠氏健康生活海外旗舰店
1,114441014,掬涵旗舰店
1,113421539,锦福里旗舰店
1,113476937,安骐旗舰店
1,102097917,赛诺旗舰店
1,102174329,蔻丝家居专营店
1,64248269,俞记食品旗舰店
1,102275134,旺旺食品旗舰店
1,102419773,yamaha畅想专卖店
1,102584449,寿全斋旗舰店
1,64776259,易构旗舰店
1,64996227,周大生旗舰店
1,123146860,晖皇家居专营店
1,123988316,艾亿联科家居专营店
1,109809860,鹏翔车品专营店
1,109939798,喜尚五金专营店
1,127705105,wolford旗舰店
1,110206729,tangleteezer官方旗舰店
1,128357314,glasslock银生专卖店
1,129940591,高露洁棕榄海外旗舰店
1,110524165,嘉顺旗舰店
1,104311723,固特异汽车用品旗舰店
1,104498997,卡瑞达金荣盈专卖店
1,69026906,蜘蛛王斯派得专卖店
1,69223906,费雪牌官方旗舰店
1,104811746,senston旗舰店
1,69579863,hansca旗舰店
1,69790638,屈臣氏官方旗舰店
1,70103477,馨友家居专营店
1,108875697,富玖旗舰店
1,108476211,威柯逊鞋类专营店
1,109024378,铭晟汽车用品专营店
1,108498122,weile旗舰店
1,109322205,deltaplus代尔塔企安专卖
1,108531101,御炫汽车用品专营店
1,109565905,singerpoge旗舰店
1,108540223,百事泰旗舰店
1,108548216,阿道夫旗舰店
1,108712833,宏创旗舰店
1,60575219,戴拉旗舰店
1,60853737,瀚昌汽车用品专营店
1,68775603,易用家居专营店
1,61043175,美瑞克斯官方旗舰店
1,68890343,星空雨夜家居旗舰店
1,61264706,婷美官方旗舰店
1,68920910,萌萌兔旗舰店
1,61587296,金雨家居专营店
1,61797150,箭牌卫浴官方旗舰店
1,103081444,芬克乐器专营店
1,65168379,蓝藤卫浴官方旗舰店
1,103207190,茶花青岛专卖店
1,65450419,玉蝶旗舰店
1,103365027,飞鱼斯维米运动专营店
1,65831553,秀丽家居专营店
1,103503705,南极人今迈专卖店
1,66164238,煌鹰家居旗舰店
1,103543027,布雷尔家居旗舰店
1,66605429,内联升龙凤瑞祥专卖
1,112624036,岚仕运动户外专营店
1,112663101,悍虹汽车用品专营店
1,105953737,伊兰蒂思旗舰店
1,112765327,水护士家居旗舰店
1,105999282,阑阁珠宝旗舰店
1,112789579,ncl懋业专卖店
1,112897464,凡思曼旗舰店
1,106244721,嘉宝莉官方旗舰店
1,71525326,先声再康大药房旗舰店
1,60173279,途欢车品专营店
1,71701469,沃购旗舰店
1,60299920,忠顺数码专营店
1,71775809,礼之尚旗舰店
1,72016924,心居名家家居旗舰店
1,60422220,优贝旗舰店
1,115743080,prsr帕莎快信专卖店
1,115906143,琴之韵乐器专营店
1,107095475,嘉年华纳唯希专卖店
1,116025536,海宁老百姓大药房旗舰店
1,107255907,雷瑞斯数码专营店
1,116116254,非常爱车车品旗舰店
1,107299408,誉鹰母婴旗舰店
1,116143045,视洋眼镜专营店
1,107421866,美得林旗舰店
1,72319124,天之乐家居专营店
1,72426821,smartfive旗舰店
1,62031120,依雅家居专营店
1,72562707,汇风集雅家居专营店
1,72637124,aq旗舰店
1,72761707,艾淇旗舰店
1,62408994,高哥诚品专卖店
1,72920861,宠尚宠物用品专营店
1,105488785,欧风花都旗舰店
1,116789576,tcl南鹊专卖店
1,105528010,美德乐立德立康专卖店
1,116928981,春舞枝旗舰
1,105615104,rjkk旗舰店
1,117183072,好孩子贝贝阿斯专卖店
1,105665632,蜜诗格旗舰店
1,117355211,olinton翼驰专卖店
1,105789891,论檀旗舰店
1,105846364,卡菲兰旗舰店
1,101132416,威仕通数码专营店
1,63308934,欧司朗通瀚专卖店
1,63401623,灯好多旗舰店
1,63521863,miz旗舰店
1,101938092,一途旗舰店
1,63716578,艾米达旗舰店
1,101990452,众意旗舰店
1,64074227,爱乐乐器专营店
1,117593951,民间艺人乐器旗舰店
1,117789311,舒尔源旗舰店
1,111151474,garmin百纳海通专卖店
1,118403780,小黑裙旗舰店
1,119408352,squire旗舰店
1,111412349,泥火匠旗舰店
1,120491959,斯帝罗兰家具旗舰店
1,111569909,溢彩年华居之美专卖店
1,111674109,海川乐器专营店
1,103656464,禾颜家居旗舰店
1,103733210,蒙贝宠物用品旗舰店
1,103864694,aok多喜爱家具旗舰店
1,66761675,宝家洁官方旗舰店
1,103951266,俊哲车品专营店
1,66880802,古韵坊乐器专营店
1,104141934,izen旗舰店
1,67034373,有间花店旗舰店
1,67173171,天博服饰专营店
1,130386504,卡萌宠物用品专营店
1,131194936,猫乐适旗舰店
1,136271785,betsy贝琪旗舰店
1,111902087,SYB运动旗舰店
1,142770756,天呈医流医疗器械专营店
1,112018207,徽元保健品旗舰店
1,143697621,澳利亚旗舰店
1,112126550,fruuoarem法拉公羊旗舰店
1,145122710,国大医疗器械专营店
1,112174596,鱼跃官方旗舰店
1,112283859,好祺食品专营店
1,57299361,银得利饰品专卖店
1,100107106,瑞冲户外专营店
1,57300618,爱仕达厨具旗舰店
1,59100340,北山狼旗舰店
1,57301243,茵曼旗舰店
1,100488710,亿家达旗舰店
1,57303636,绿森数码官方旗舰店
1,100791791,悦兔服饰专营店
1,59678707,风格乐器专营店
1,100942259,铭筑舍计旗舰店
1,59972781,曲美家具官方旗舰店
1,110713090,展运车品专营店
1,104992979,维尔卡特旗舰店
1,110851861,长安马自达官方旗舰店
1,105121365,paiseto柏丝图旗舰店
1,110912943,mexican盛华唐专卖店
1,110999732,能天服饰专营店
1,111040913,家米乐旗舰店
1,105430506,graceblinds家居旗舰店
1,105474541,朗益地板旗舰店
1,112325572,imco旗舰店
1,107729055,吉瑞源家居专营店
1,112435483,欣动汽车用品专营店
1,112453190,森德瑞拉家居专营店
1,107956020,路克玩具专营店
1,112491745,speedo东旭康华专卖店
1,108040120,威龙眼镜专营店
1,112520817,erbe爱贝旗舰店
1,108112046,南极人家纺旗舰店
1,108156547,结力旗舰店
1,67870070,卡拉羊官方旗舰店
1,67331640,角缘旗舰店
1,68002082,昱硕家居专营店
1,67379509,纬弗斯运动专营店
1,68086408,7kkdesign旗舰店
1,67476190,尚言坊旗舰店
1,67599689,芙瑞鑫服饰专营店
1,68425197,丹尼熊箱包旗舰店
1,67662182,云宵旗舰店
1,67738393,金灶旗舰店
1,114719147,帮瑞家纺旗舰店
1,114839786,帆顺运动户外专营店
1,108229883,泽凡诺旗舰店
1,115013662,指印旗舰店
1,145259319,小飞将旗舰店
1,108273175,勇心家具旗舰店
1,115232843,鑫凯洋办公专营店
1,145322300,红豆居家童装旗舰店
1,108328208,大力人旗舰店
1,145555428,supor苏泊尔日新专卖店
1,108363651,玉安澜旗舰店
1,145678392,亚得力旗舰店
1,108423316,浩诗居家日用专营店
1,148002147,lining李宁新兴专卖店
1,70161661,dg官方旗舰店
1,70276471,布之家旗舰店
1,70477980,宝贝第一旗舰店
1,57971808,圆缘喜事旗舰店
1,70846462,自然而然旗舰店
1,58347694,音之源旗舰店
1,116249418,艾斯默家居专营店
1,116365612,byza百飒占华专卖店
1,106340565,御林军汽车用品专营店
1,116442196,NordicNaturals海外旗舰店
1,106513104,名达家居旗舰店
1,106739735,欧琳瑞恩专卖店
1,106827132,加米羊鞋类旗舰店
1,116665276,晶牛家具旗舰店
1,106956419,天猫魔盒官方旗舰店
1,73200079,G2000官方旗舰店
1,73240489,乐扣乐扣趣彩专卖店
1,73335685,泰福高凡冠专卖店
1,73516647,宗驰汽车用品专营店
1,100068395,稻禾旗舰店
1,63095839,佳奥家居专营店
1,114083196,本易数码专营店
1,112974377,艺皇皇图专卖店
1,114245276,卓美眼镜专营店
1,113106508,滋源旗舰店
1,114403285,篱胧食品专营店
1,114490478,冲驰旗舰店
1,113445922,dufan旗舰店
1,114639449,赛比拉车品专营店
1,113500481,好护士器械旗舰店
1,113773411,平优手表专营店
1,102135144,瑞德家居专营店
1,64191746,伟易达官方旗舰店
1,102218399,女儿情旗舰店
1,64342723,虎贝尔旗舰店
1,64542984,默玛家居旗舰店
1,64659142,赛博家居专营店
1,64864929,彩轩旗舰店
1,65107311,欣唯嘉家居旗舰店
1,123255346,蒙特丽乐器专营店
1,124806241,瑞盾旗舰店
1,109881635,创恩宠物用品专营店
1,126953707,新友车品旗舰店
1,110068592,旭鑫玩具专营店
1,127949185,幸福玛丽旗舰店
1,110250117,慕思旗舰店
1,129195307,幽马旗舰店
1,110304656,欣润旗舰店
1,110451362,佳迪乐车品旗舰店
1,104348710,newair维艾麦威专卖店
1,104442887,南极人震町专卖店
1,69000773,莎芬旗舰店
1,69171324,云南白药大药房旗舰店
1,69303692,设计师的灯旗舰店
1,69683647,晚安家居旗舰店
1,69951476,海之巅旗舰店
1,108776487,wonny旗舰店
1,108488303,occa旗舰店
1,108509903,格雷迪旗舰店
1,109430276,奥誉旗舰店
1,109612115,和源家居用品专营店
1,108543501,雅俪珠宝旗舰店
1,108640677,逸阳雅尔达专卖店
1,68491548,olay官方旗舰店
1,68581286,美匡旗舰店
1,60650834,好孩子官方旗舰店
1,68719128,贝汉美家居旗舰店
1,60936639,广普电器专营店
1,61149328,快活林家居专营店
1,61414215,泰昌官方旗舰店
1,68934566,草莓木玩玩具专营店
1,61720809,mlily旗舰店
1,65219189,惠捷伟业运动专营店
1,103437946,好孩子迪贝专卖店
1,65886397,水星家纺品牌专卖店
1,103518850,天地鱼旗舰店
1,66293967,清呼吸旗舰店
1,103560169,益多服饰专营店
1,112634826,君鑫数码专营店
1,112674738,pelpo派普旗舰店
1,105960364,金连来旗舰店
1,112772311,霍之宝旗舰店
1,106023700,意利原子旗舰店
1,112807385,海康威视吉研专卖店
1,106128965,布朗尼女鞋专营店
1,112939665,意兴旗舰店
1,106215823,康巴丝吉美多专卖店
1,106269063,秉迪数码专营店
1,71299380,奥克龙旗舰店
1,60036677,特步官方旗舰店
1,71583086,生活诚品家居旗舰店
1,60182760,龙之涵旗舰店
1,71718342,linpure蓝铂旗舰店
1,60328375,丹英玩具专营店
1,71934963,艾夫斯亨瑞专卖店
1,60407307,虞美人旗舰店
1,72106802,强象旗舰店
1,115849656,阳毅旗舰店
1,107278092,风彩生活服务专营店
1,116122710,锐帝斯旗舰店
1,116192451,nvc雷士冠勋专卖店
1,107577472,慧鑫母婴专营店
1,72352222,奥森纳服饰专营店
1,72545090,禧天龙旗舰店
1,62115207,fiber旗舰店
1,72567123,玛格家居旗舰店
1,62255620,暗涌旗舰店
1,72726857,林益相框旗舰店
1,62343292,品胜数码旗舰店
1,62449981,浦翎车品专营店
1,62494388,贝杰母婴专营店
1,116680899,人本男鞋旗舰店
1,116755700,炫宝汽车用品专营店
1,105497533,贻兴家居专营店
1,116835516,李宁胜客专卖店
1,117069238,小艾艾旗舰店
1,105644462,恒发假发旗舰店
1,117241511,品奥诺唯专卖店
1,105712627,大船旗舰店
1,117440817,星星营翔专卖店
1,101042702,苏泊尔卫浴旗舰店
1,101283997,爵森乐器专营店
1,101469939,lecoco旗舰店
1,63439938,eyesonu服饰旗舰店
1,101725423,京沙聚运动户外专营店
1,101963303,大一办公用品旗舰店
1,63748449,万仟堂旗舰店
1,117651123,第一卫胡同专卖店
1,111072861,大禹宠物用品专营店
1,117887639,玉麒家居旗舰店
1,111211308,依膳食旗舰店
1,118724444,chrvseis旗舰店
1,111313527,异度居家日用旗舰店
1,119491788,七匹狼内衣旗舰店
1,111439062,中欧旗舰店
1,121118516,doggyman多格漫旗舰店
1,111596064,鼎发九虎专卖店
1,111692939,奥蒂丝特旗舰店
1,103708340,好管家旗舰店
1,66617244,简美丽家旗舰店
1,103772494,爱之舟旗舰店
1,103986699,利临居家日用旗舰店
1,66959406,天字一号家居旗舰店
1,104163470,septwolves七匹狼旗舰店
1,67263158,荣登旗舰店
1,130768043,尊致旗舰店
1,135387237,unirose旗舰店
1,111836713,格古力旗舰店
1,139941064,科耐特旗舰店
1,111991849,家居就工长俱乐部旗舰店
1,143199285,三奥医疗器械专营店
1,112045250,韦帕旗舰店
1,112151557,赫雷思顿旗舰店
1,112209397,tmt淘玛特专卖店
1,57299553,乐扣乐扣旗舰店
1,57300205,钻石小鸟旗舰店
1,100145005,千百仓宠物用品专营店
1,57301000,食人谷旗舰店
1,100256301,卡罗莱手表旗舰店
1,57301501,欧普照明官方旗舰店
1,100328666,zeze旗舰店
1,57303144,美基旗舰店
1,100602450,back2脊态旗舰店
1,59514042,林氏旗舰店
1,100874448,承发男鞋旗舰店
1,59810887,富光旗舰店
1,110535517,琪朗家居旗舰店
1,110820254,mcoser旗舰店
1,105007518,vicutu威可多官方旗舰店
1,110868833,鸣声乐器旗舰店
1,105144749,森然旗舰店
1,110918969,kindle官方旗舰店
1,105246574,华达泰陶瓷旗舰店
1,105394840,唯爱鲜花旗舰店
1,105432644,龙圣乐器专营店
1,103056793,巧手星旗舰店
1,112340835,莱诺旗舰店
1,107800520,好孩子美果专卖店
1,112449173,瑶华旗舰店
1,148237271,philips飞利浦磐通专卖店
1,107897930,dafenqi旗舰店
1,112468406,发现精品烟具专营店
1,107973670,酷狼户外专营店
1,112493499,欧黎蔓旗舰店
1,108040465,恺丰手表专营店
1,112524372,灵巧旗舰店
1,67755530,琦郡旗舰店
1,67945611,哈珀家居专营店
1,67350578,漫美假发旗舰店
1,68049650,磐睿家居专营店
1,67409815,高哥尚诚专卖店
1,68238039,百年六合旗舰店
1,67534293,德菲思家居专营店
1,68475927,琪琪家园旗舰店
1,67714423,律动乐器专营店
1,114802379,银月旗舰店
1,108180166,沙宣官方旗舰店
1,108260345,诗美诗格家居旗舰店
1,115078016,靓家居旗舰店
1,145270271,花有独钟旗舰店
1,108313431,尚动艾巴专卖店
1,108346563,品胜三人行专卖店
1,115563704,烫旗舰店
1,145571933,依雯然旗舰店
1,108406134,鑫泉旗舰店
1,145715203,asvel昌木子专卖店
1,108465461,aszune艾苏恩旗舰店
1,148032305,mk烟具旗舰店
1,70205961,奥尼斯运动专营店
1,70360457,北斗旗舰店
1,57547134,味它宠物食品专营店
1,70724338,宜而爽内衣旗舰店
1,58025472,欣伊鑫蓓蕾专卖店
1,70932881,左右官方旗舰店
1,58451042,我型我秀布鞋专营
1,58725463,桑瑞斯家居专营
1,116381653,happyrain旗舰店
1,106419217,ciciibear旗舰店
1,106562288,井雅旗舰店
1,116558199,xds喜德盛旗舰店
1,106780613,嘉年华名匠专卖店
1,106856133,铜师傅旗舰店
1,73077058,艾丝菲旗舰店
1,73212792,麦雨旗舰店
1,62643403,潮韵轩旗舰店
1,73255340,盛源来食品专营店
1,73409943,糖糖屋零食物语食品专营店
1,62907425,固特旗舰店
1,100024337,victor点石专卖店
1,63160858,吉约蒙旗舰店
1,113819336,mtm海外专营店
1,114119484,璞凌烟具专营店
1,113009790,感动爱旗舰店
1,113166308,美乐高旗舰店
1,114439924,贤城旗舰店
1,113344525,清野户外专营店
1,114535268,圣邦御轩旗舰店
1,113473727,凌希车品专营店
1,113668350,南极人冬蕴专卖店
1,102097079,凌冠汽车用品专营店
1,102160595,欧梵尼旗舰店
1,64224937,世科运动户外专营店
1,102406358,漆花家居旗舰店
1,64614558,雅玥家居旗舰店
1,102571393,好药师大药房旗舰店
1,102816624,百利金珠宝旗舰店
1,64892978,古宫丝旗舰店
1,123442990,翔驰汽车用品旗舰店
1,109759656,桐君阁大药房旗舰店
1,125364634,sunsun森森威尔玛专卖店
1,109917505,百运运动专营店
1,127350440,三丰旗舰店
1,110189691,摩杰乐器专营店
1,128262204,科尔曼旗舰店
1,110275101,优丽尚旗舰店
1,129585995,有住旗舰店
1,110393738,aht眼镜旗舰店
1,104406499,朝阳轮胎官方旗舰店
1,104474578,喜鹊鸣旗舰店
1,104638862,好战友旗舰店
1,69206610,雅美嘉旗舰店
1,104748017,clarks官方旗舰店
1,104872383,浦江仁爱旗舰店
1,70057491,nile尼罗河旗舰店
1,108810144,必生辉旗舰店
1,109002832,普泽大药房旗舰
1,108496027,尼沃家居专营店
1,109257819,纽曼优星伟业专卖店
1,108524147,奥普唯亮专卖店
1,109552143,豪捷旗舰店
1,108539532,玺道旗舰店
1,109713135,爱乡亲食品旗舰店
1,108544454,弛茂汽车用品专营店
1,108645914,hewolf公狼飞驰专卖店
1,68614157,奥托富兰克旗舰店
1,60747026,康比特官方旗舰店
1,68744601,哥诗迪雅旗舰店
1,68889464,亮点家居旗舰店
1,68910215,蓝顿豪爵手表专营店
1,61517951,美的多博专卖店
1,61767333,夏娃之秀官方旗舰店
1,112303699,苏泊尔餐具旗舰店
